{
"lengthUnit": "mil",
"components": {
	"fields": ["COMPONENT_NO", "COMPONENT_NAME", "LAYER", "X_COORDINATE", "Y_COORDINATE", "ANGLE"],
	"rows": [
		[1, "C1", "T", 5091.3, -3168.98, 90],
		[2, "C2", "T", 5130.67, -3168.98, 90],
		[3, "C3", "T", 5808.29, -3188.98, 90],
		[4, "C4", "T", 5768.92, -3188.98, 90],
		[5, "C5", "T", 5170.04, -3066.3, 270],
		[6, "C6", "T", 5326.77, -3275.59, 180],
		[7, "C7", "T", 5326.77, -3354.33, 180],
		[8, "C8", "T", 5173.23, -3972.44, 270],
		[9, "C9", "T", 5209.41, -3168.98, 90],
		[10, "C10", "T", 5118.11, -3972.44, 90],
		[11, "C11", "T", 5228.35, -3972.44, 270],
		[12, "C12", "T", 5170.04, -3168.98, 90],
		[13, "C13", "T", 5248.03, -3692.91, 0],
		[14, "C14", "T", 5248.03, -3736.22, 0],
		[15, "C15", "T", 5283.46, -3972.44, 90],
		[16, "C16", "T", 5326.77, -3393.7, 180],
		[17, "C17", "T", 5326.77, -3472.44, 180],
		[18, "C18", "T", 5669.29, -3972.44, 270],
		[19, "C19", "T", 5708.66, -3972.44, 270],
		[20, "C20", "T", 5456.69, -4208.66, 0],
		[21, "C21", "T", 5456.69, -4035.43, 0],
		[22, "C22", "T", 5456.69, -4295.28, 0],
		[23, "C23", "T", 5456.69, -4165.35, 0],
		[24, "C24", "T", 5456.69, -4251.97, 0],
		[25, "D1", "T", 5456.69, -4425.2, 0],
		[26, "J1", "T", 5456.69, -3019.68, 180],
		[27, "J2", "T", 5653.54, -4496.06, 180],
		[28, "J3", "T", 5259.84, -4496.06, 180],
		[29, "JP1", "B", 5366.14, -4295.28, 180],
		[30, "JP2", "B", 5744.09, -4366.14, 180],
		[31, "JP3", "B", 5744.09, -4224.41, 180],
		[32, "Q1", "T", 5140, -3535, 270],
		[33, "Q2", "T", 5130, -3685, 270],
		[34, "R1", "T", 5130.67, -3066.3, 270],
		[35, "R2", "T", 5091.3, -3066.3, 270],
		[36, "R3", "T", 5680, -3105, 90],
		[37, "R4", "T", 5209.41, -3066.3, 270],
		[38, "R5", "T", 5725, -3105, 90],
		[39, "R6", "T", 5690.18, -3188.98, 270],
		[40, "R7", "T", 5768.92, -3106.3, 270],
		[41, "R8", "T", 5729.55, -3188.98, 270],
		[42, "R9", "T", 5326.77, -3314.96, 0],
		[43, "R10", "T", 5326.77, -3511.81, 0],
		[44, "R11", "T", 5456.69, -4381.89, 0],
		[45, "R12", "T", 5456.69, -4338.58, 0],
		[46, "R13", "T", 5673.23, -3564.96, 90],
		[47, "R14", "T", 5326.77, -3433.07, 180],
		[48, "R15", "T", 5248.03, -3606.3, 0],
		[49, "R16", "T", 5456.69, -4078.74, 180],
		[50, "R17", "T", 5456.69, -4122.05, 0],
		[51, "R18", "T", 5248.03, -3649.61, 0],
		[52, "R19", "T", 5338.58, -3972.44, 90],
		[53, "TH1", "T", 5722.44, -3564.96, 270],
		[54, "TP1", "T", 5795.28, -3968.5, 0],
		[55, "TP2", "T", 5795.28, -3889.76, 0],
		[56, "TP3", "T", 5795.28, -3653.54, 0],
		[57, "TP4", "T", 5795.28, -3732.28, 0],
		[58, "TP5", "T", 5795.28, -3811.02, 0],
		[59, "TP6", "T", 5795.28, -3574.8, 0],
		[60, "U1", "T", 5156.42, -3358.27, 180],
		[61, "U2", "T", 5677.17, -3377.95, 90],
		[62, "U3", "T", 5185.04, -3844.88, 0],
		[63, "U4", "T", 5523.62, -3783.46, 270],
		[64, "Y2", "T", 5456.69, -3460.63, 0],
		[65, "Y3", "T", 5455, -3320, 0]
	]
},
"pins": {
	"fields": ["PIN_NO", "PIN_NAME", "PIN_X", "PIN_Y", "LAYER", "PIN_TYPE", "NET_NAME", "NET_TYPE", "PAD_SHAPE", "PAD_SIZEX", "PAD_SIZEY", "HOLE_SIZE", "PAD_ANGLE"],
	"rows": [
		[1, "C1_1", 5091.3, -3190.44, "T", "SMD", "POWER_+5V", "", "R", 31.11, 21.26, 0, 90],
		[2, "C1_2", 5091.3, -3147.52, "T", "SMD", "POWER_GND", "", "R", 31.11, 21.26, 0, 90],
		[3, "C2_1", 5130.67, -3190.44, "T", "SMD", "POWER_+5V", "", "R", 31.11, 21.26, 0, 90],
		[4, "C2_2", 5130.67, -3147.52, "T", "SMD", "POWER_GND", "", "R", 31.11, 21.26, 0, 90],
		[5, "C3_1", 5808.29, -3210.44, "T", "SMD", "POWER_+3V3", "", "R", 31.11, 21.26, 0, 90],
		[6, "C3_2", 5808.29, -3167.52, "T", "SMD", "POWER_GND", "", "R", 31.11, 21.26, 0, 90],
		[7, "C4_1", 5768.92, -3210.44, "T", "SMD", "POWER_+3V3", "", "R", 31.11, 21.26, 0, 90],
		[8, "C4_2", 5768.92, -3167.52, "T", "SMD", "POWER_GND", "", "R", 31.11, 21.26, 0, 90],
		[9, "C5_1", 5170.04, -3044.84, "T", "SMD", "RESET", "", "R", 31.11, 21.26, 0, 270],
		[10, "C5_2", 5170.04, -3087.76, "T", "SMD", "POWER_GND", "", "R", 31.11, 21.26, 0, 270],
		[11, "C6_1", 5348.23, -3275.59, "T", "SMD", "$1N35", "", "R", 31.11, 21.26, 0, 180],
		[12, "C6_2", 5305.31, -3275.59, "T", "SMD", "POWER_GND", "", "R", 31.11, 21.26, 0, 180],
		[13, "C7_1", 5348.23, -3354.33, "T", "SMD", "$1N55", "", "R", 31.11, 21.26, 0, 180],
		[14, "C7_2", 5305.31, -3354.33, "T", "SMD", "POWER_GND", "", "R", 31.11, 21.26, 0, 180],
		[15, "C8_1", 5173.23, -3950.98, "T", "SMD", "POWER_+3V3", "", "R", 31.11, 21.26, 0, 270],
		[16, "C8_2", 5173.23, -3993.9, "T", "SMD", "POWER_GND", "", "R", 31.11, 21.26, 0, 270],
		[17, "C9_1", 5209.41, -3190.44, "T", "SMD", "POWER_+3V3", "", "R", 31.11, 21.26, 0, 90],
		[18, "C9_2", 5209.41, -3147.52, "T", "SMD", "POWER_GND", "", "R", 31.11, 21.26, 0, 90],
		[19, "C10_1", 5118.11, -3993.9, "T", "SMD", "POWER_+3V3", "", "R", 31.11, 21.26, 0, 90],
		[20, "C10_2", 5118.11, -3950.98, "T", "SMD", "$1N90", "", "R", 31.11, 21.26, 0, 90],
		[21, "C11_1", 5228.35, -3950.98, "T", "SMD", "$1N71", "", "R", 31.11, 21.26, 0, 270],
		[22, "C11_2", 5228.35, -3993.9, "T", "SMD", "POWER_GND", "", "R", 31.11, 21.26, 0, 270],
		[23, "C12_1", 5170.04, -3190.44, "T", "SMD", "POWER_+3V3", "", "R", 31.11, 21.26, 0, 90],
		[24, "C12_2", 5170.04, -3147.52, "T", "SMD", "POWER_GND", "", "R", 31.11, 21.26, 0, 90],
		[25, "C13_1", 5226.57, -3692.91, "T", "SMD", "$1N46", "", "R", 31.11, 21.26, 0, 0],
		[26, "C13_2", 5269.49, -3692.91, "T", "SMD", "$1N52", "", "R", 31.11, 21.26, 0, 0],
		[27, "C14_1", 5226.57, -3736.22, "T", "SMD", "$1N10", "", "R", 31.11, 21.26, 0, 0],
		[28, "C14_2", 5269.49, -3736.22, "T", "SMD", "$1N116", "", "R", 31.11, 21.26, 0, 0],
		[29, "C15_1", 5283.46, -3993.9, "T", "SMD", "POWER_GND", "", "R", 31.11, 21.26, 0, 90],
		[30, "C15_2", 5283.46, -3950.98, "T", "SMD", "$1N73", "", "R", 31.11, 21.26, 0, 90],
		[31, "C16_1", 5348.23, -3393.7, "T", "SMD", "$1N19", "", "R", 31.11, 21.26, 0, 180],
		[32, "C16_2", 5305.31, -3393.7, "T", "SMD", "POWER_GND", "", "R", 31.11, 21.26, 0, 180],
		[33, "C17_1", 5348.23, -3472.44, "T", "SMD", "$1N20", "", "R", 31.11, 21.26, 0, 180],
		[34, "C17_2", 5305.31, -3472.44, "T", "SMD", "POWER_GND", "", "R", 31.11, 21.26, 0, 180],
		[35, "C18_1", 5669.29, -3950.98, "T", "SMD", "POWER_+5V", "", "R", 31.11, 21.26, 0, 270],
		[36, "C18_2", 5669.29, -3993.9, "T", "SMD", "POWER_GND", "", "R", 31.11, 21.26, 0, 270],
		[37, "C19_1", 5708.66, -3950.98, "T", "SMD", "POWER_+5V", "", "R", 31.11, 21.26, 0, 270],
		[38, "C19_2", 5708.66, -3993.9, "T", "SMD", "POWER_GND", "", "R", 31.11, 21.26, 0, 270],
		[39, "C20_1", 5435.23, -4208.66, "T", "SMD", "$1N15", "", "R", 31.11, 21.26, 0, 0],
		[40, "C20_2", 5478.15, -4208.66, "T", "SMD", "POWER_GND", "", "R", 31.11, 21.26, 0, 0],
		[41, "C21_1", 5435.23, -4035.43, "T", "SMD", "$1N36", "", "R", 31.11, 21.26, 0, 0],
		[42, "C21_2", 5478.15, -4035.43, "T", "SMD", "$1N53", "", "R", 31.11, 21.26, 0, 0],
		[43, "C22_1", 5435.23, -4295.28, "T", "SMD", "RIG_AFIN", "", "R", 31.11, 21.26, 0, 0],
		[44, "C22_2", 5478.15, -4295.28, "T", "SMD", "$1N61", "", "R", 31.11, 21.26, 0, 0],
		[45, "C23_1", 5435.23, -4165.35, "T", "SMD", "$1N36", "", "R", 31.11, 21.26, 0, 0],
		[46, "C23_2", 5478.15, -4165.35, "T", "SMD", "POWER_GND", "", "R", 31.11, 21.26, 0, 0],
		[47, "C24_1", 5435.23, -4251.97, "T", "SMD", "RIG_AFIN", "", "R", 31.11, 21.26, 0, 0],
		[48, "C24_2", 5478.15, -4251.97, "T", "SMD", "POWER_GND", "", "R", 31.11, 21.26, 0, 0],
		[49, "D1_1", 5410.53, -4425.2, "T", "SMD", "$1N49", "", "R", 39.37, 29.53, 0, 0],
		[50, "D1_2", 5502.86, -4425.2, "T", "SMD", "$1N69", "", "R", 39.37, 29.53, 0, 0],
		[51, "J1_1", 5582.68, -3113.19, "T", "SMD", "POWER_GND", "", "R", 21.65, 43.31, 0, 180],
		[52, "J1_2", 5551.18, -3113.19, "T", "SMD", "POWER_+5V", "", "R", 21.65, 43.31, 0, 180],
		[53, "J1_3", 5525.59, -3113.19, "T", "SMD", "J1_3", "", "R", 11.81, 43.31, 0, 180],
		[54, "J1_4", 5505.9, -3113.19, "T", "SMD", "$1N5738", "", "R", 11.81, 43.31, 0, 180],
		[55, "J1_5", 5486.22, -3113.19, "T", "SMD", "D0-", "", "R", 11.81, 43.31, 0, 180],
		[56, "J1_6", 5466.54, -3113.19, "T", "SMD", "D0+", "", "R", 11.81, 43.31, 0, 180],
		[57, "J1_7", 5446.85, -3113.19, "T", "SMD", "D0-", "", "R", 11.81, 43.31, 0, 180],
		[58, "J1_8", 5427.17, -3113.19, "T", "SMD", "D0+", "", "R", 11.81, 43.31, 0, 180],
		[59, "J1_9", 5407.48, -3113.19, "T", "SMD", "J1_9", "", "R", 11.81, 43.31, 0, 180],
		[60, "J1_10", 5387.79, -3113.19, "T", "SMD", "$1N5736", "", "R", 11.81, 43.31, 0, 180],
		[61, "J1_11", 5362.2, -3113.19, "T", "SMD", "POWER_+5V", "", "R", 21.65, 43.31, 0, 180],
		[62, "J1_12", 5330.71, -3113.19, "T", "SMD", "POWER_GND", "", "R", 21.65, 43.31, 0, 180],
		[63, "J1_13", 5626.97, -3091.54, "T", "DIP", "POWER_GND", "", "O", 43.31, 78.74, 59.05, 180],
		[64, "J1_13", 5626.97, -3091.54, "B", "DIP", "POWER_GND", "", "O", 43.31, 78.74, 59.05, 180],
		[65, "J1_13", 5626.97, -2926.18, "T", "DIP", "POWER_GND", "", "O", 47.24, 70.87, 47.24, 180],
		[66, "J1_13", 5626.97, -2926.18, "B", "DIP", "POWER_GND", "", "O", 47.24, 70.87, 47.24, 180],
		[67, "J1_14", 5286.42, -3091.54, "T", "DIP", "POWER_GND", "", "O", 43.31, 78.74, 59.06, 180],
		[68, "J1_14", 5286.42, -3091.54, "B", "DIP", "POWER_GND", "", "O", 43.31, 78.74, 59.06, 180],
		[69, "J1_14", 5286.42, -2926.18, "T", "DIP", "POWER_GND", "", "O", 47.24, 70.87, 47.24, 180],
		[70, "J1_14", 5286.42, -2926.18, "B", "DIP", "POWER_GND", "", "O", 47.24, 70.87, 47.24, 180],
		[71, "J2_999", 5653.54, -4157.48, "T", "DIP", "J2_", "", "C", 31.5, 31.5, 31.5, 180],
		[72, "J2_999", 5653.54, -4157.48, "B", "DIP", "J2_", "", "C", 31.5, 31.5, 31.5, 180],
		[73, "J2_999", 5653.54, -4433.07, "T", "DIP", "J2_A_", "", "C", 31.5, 31.5, 31.5, 180],
		[74, "J2_999", 5653.54, -4433.07, "B", "DIP", "J2_A_", "", "C", 31.5, 31.5, 31.5, 180],
		[75, "J2_R1", 5562.99, -4251.97, "T", "DIP", "RIG_TXD", "", "O", 62.99, 78.74, 51.18, 180],
		[76, "J2_R1", 5562.99, -4251.97, "B", "DIP", "RIG_TXD", "", "O", 62.99, 78.74, 51.18, 180],
		[77, "J2_R2", 5562.99, -4370.08, "T", "DIP", "3V3_OUT", "", "O", 62.99, 78.74, 51.18, 180],
		[78, "J2_R2", 5562.99, -4370.08, "B", "DIP", "3V3_OUT", "", "O", 62.99, 78.74, 51.18, 180],
		[79, "J2_S", 5744.09, -4051.18, "T", "DIP", "POWER_GND", "", "O", 62.99, 78.74, 51.18, 180],
		[80, "J2_S", 5744.09, -4051.18, "B", "DIP", "POWER_GND", "", "O", 62.99, 78.74, 51.18, 180],
		[81, "J2_T", 5562.99, -4094.49, "T", "DIP", "RIG_RXD", "", "O", 62.99, 78.74, 51.18, 180],
		[82, "J2_T", 5562.99, -4094.49, "B", "DIP", "RIG_RXD", "", "O", 62.99, 78.74, 51.18, 180],
		[83, "J3_999", 5259.84, -4157.48, "T", "DIP", "J3_", "", "C", 31.5, 31.5, 31.5, 180],
		[84, "J3_999", 5259.84, -4157.48, "B", "DIP", "J3_", "", "C", 31.5, 31.5, 31.5, 180],
		[85, "J3_999", 5259.84, -4433.07, "T", "DIP", "J3_A_", "", "C", 31.5, 31.5, 31.5, 180],
		[86, "J3_999", 5259.84, -4433.07, "B", "DIP", "J3_A_", "", "C", 31.5, 31.5, 31.5, 180],
		[87, "J3_R1", 5169.29, -4251.97, "T", "DIP", "RIG_AFIN", "", "O", 62.99, 78.74, 51.18, 180],
		[88, "J3_R1", 5169.29, -4251.97, "B", "DIP", "RIG_AFIN", "", "O", 62.99, 78.74, 51.18, 180],
		[89, "J3_R2", 5169.29, -4370.08, "T", "DIP", "RIG_PTT", "", "O", 62.99, 78.74, 51.18, 180],
		[90, "J3_R2", 5169.29, -4370.08, "B", "DIP", "RIG_PTT", "", "O", 62.99, 78.74, 51.18, 180],
		[91, "J3_S", 5350.39, -4051.18, "T", "DIP", "POWER_GND", "", "O", 62.99, 78.74, 51.18, 180],
		[92, "J3_S", 5350.39, -4051.18, "B", "DIP", "POWER_GND", "", "O", 62.99, 78.74, 51.18, 180],
		[93, "J3_T", 5169.29, -4094.49, "T", "DIP", "RIG_AFOUT", "", "O", 62.99, 78.74, 51.18, 180],
		[94, "J3_T", 5169.29, -4094.49, "B", "DIP", "RIG_AFOUT", "", "O", 62.99, 78.74, 51.18, 180],
		[95, "JP1_1", 5316.93, -4226.38, "B", "SMD", "$1N69", "", "P", 39.37, 59.06, 0, 180],
		[96, "JP1_2", 5366.14, -4226.38, "B", "SMD", "$1N41", "", "R", 39.37, 59.06, 0, 0],
		[97, "JP1_3", 5415.35, -4226.38, "B", "SMD", "$1N87", "", "P", 39.37, 59.06, 0, 180],
		[98, "JP1_4", 5316.93, -4295.28, "B", "SMD", "$1N22", "", "R", 39.37, 59.06, 0, 0],
		[99, "JP1_5", 5366.14, -4295.28, "B", "SMD", "RIG_RXD", "", "R", 39.37, 59.06, 0, 0],
		[100, "JP1_6", 5415.35, -4295.28, "B", "SMD", "$1N17", "", "R", 39.37, 59.06, 0, 0],
		[101, "JP1_7", 5316.93, -4364.17, "B", "SMD", "$1N114", "", "P", 39.37, 59.06, 0, 0],
		[102, "JP1_8", 5366.14, -4364.17, "B", "SMD", "RIG_TXD", "", "R", 39.37, 59.06, 0, 0],
		[103, "JP1_9", 5415.35, -4364.17, "B", "SMD", "$1N28", "", "P", 39.37, 59.06, 0, 0],
		[104, "JP2_1", 5718.5, -4366.14, "B", "SMD", "3V3_OUT", "", "P", 39.37, 59.06, 0, 0],
		[105, "JP2_2", 5769.69, -4366.14, "B", "SMD", "$1N63", "", "P", 39.37, 59.06, 0, 0],
		[106, "JP3_1", 5718.5, -4224.41, "B", "SMD", "$1N36", "", "P", 39.37, 59.06, 0, 0],
		[107, "JP3_2", 5769.69, -4224.41, "B", "SMD", "RIG_AFOUT", "", "P", 39.37, 59.06, 0, 0],
		[108, "Q1_1", 5102.6, -3574.37, "T", "SMD", "$1N130", "", "R", 49.21, 27.56, 0, 270],
		[109, "Q1_2", 5177.4, -3574.37, "T", "SMD", "POWER_GND", "", "R", 49.21, 27.56, 0, 270],
		[110, "Q1_3", 5140, -3495.63, "T", "SMD", "$1N47", "", "R", 49.21, 27.56, 0, 270],
		[111, "Q2_1", 5092.6, -3724.37, "T", "SMD", "$1N47", "", "R", 49.21, 27.56, 0, 270],
		[112, "Q2_2", 5167.4, -3724.37, "T", "SMD", "POWER_GND", "", "R", 49.21, 27.56, 0, 270],
		[113, "Q2_3", 5130, -3645.63, "T", "SMD", "RIG_PTT", "", "R", 49.21, 27.56, 0, 270],
		[114, "R1_1", 5130.67, -3049.26, "T", "SMD", "$1N2", "", "R", 22.27, 21.26, 0, 270],
		[115, "R1_2", 5130.67, -3083.34, "T", "SMD", "POWER_+5V", "", "R", 22.27, 21.26, 0, 270],
		[116, "R2_1", 5091.3, -3049.26, "T", "SMD", "POWER_GND", "", "R", 22.27, 21.26, 0, 270],
		[117, "R2_2", 5091.3, -3083.34, "T", "SMD", "$1N2", "", "R", 22.27, 21.26, 0, 270],
		[118, "R3_1", 5680, -3122.04, "T", "SMD", "POWER_GND", "", "R", 22.27, 21.26, 0, 90],
		[119, "R3_2", 5680, -3087.96, "T", "SMD", "$1N5738", "", "R", 22.27, 21.26, 0, 90],
		[120, "R4_1", 5209.41, -3049.26, "T", "SMD", "RESET", "", "R", 22.27, 21.26, 0, 270],
		[121, "R4_2", 5209.41, -3083.34, "T", "SMD", "POWER_+3V3", "", "R", 22.27, 21.26, 0, 270],
		[122, "R5_1", 5725, -3122.04, "T", "SMD", "POWER_GND", "", "R", 22.27, 21.26, 0, 90],
		[123, "R5_2", 5725, -3087.96, "T", "SMD", "$1N5736", "", "R", 22.27, 21.26, 0, 90],
		[124, "R6_1", 5690.18, -3171.94, "T", "SMD", "$1N122", "", "R", 22.27, 21.26, 0, 270],
		[125, "R6_2", 5690.18, -3206.02, "T", "SMD", "POWER_+3V3", "", "R", 22.27, 21.26, 0, 270],
		[126, "R7_1", 5768.92, -3089.26, "T", "SMD", "$1N18", "", "R", 22.27, 21.26, 0, 270],
		[127, "R7_2", 5768.92, -3123.34, "T", "SMD", "POWER_+3V3", "", "R", 22.27, 21.26, 0, 270],
		[128, "R8_1", 5729.55, -3171.94, "T", "SMD", "POWER_GND", "", "R", 22.27, 21.26, 0, 270],
		[129, "R8_2", 5729.55, -3206.02, "T", "SMD", "$1N97", "", "R", 22.27, 21.26, 0, 270],
		[130, "R9_1", 5309.73, -3314.96, "T", "SMD", "$1N55", "", "R", 22.27, 21.26, 0, 0],
		[131, "R9_2", 5343.81, -3314.96, "T", "SMD", "$1N35", "", "R", 22.27, 21.26, 0, 0],
		[132, "R10_1", 5309.73, -3511.81, "T", "SMD", "POWER_GND", "", "R", 22.27, 21.26, 0, 0],
		[133, "R10_2", 5343.81, -3511.81, "T", "SMD", "$1N110", "", "R", 22.27, 21.26, 0, 0],
		[134, "R11_1", 5439.65, -4381.89, "T", "SMD", "$1N41", "", "R", 22.27, 21.26, 0, 0],
		[135, "R11_2", 5473.73, -4381.89, "T", "SMD", "$1N114", "", "R", 22.27, 21.26, 0, 0],
		[136, "R12_1", 5439.65, -4338.58, "T", "SMD", "$1N49", "", "R", 22.27, 21.26, 0, 0],
		[137, "R12_2", 5473.73, -4338.58, "T", "SMD", "$1N22", "", "R", 22.27, 21.26, 0, 0],
		[138, "R13_1", 5673.23, -3582, "T", "SMD", "POWER_+3V3", "", "R", 22.27, 21.26, 0, 90],
		[139, "R13_2", 5673.23, -3547.92, "T", "SMD", "CODEC_P", "", "R", 22.27, 21.26, 0, 90],
		[140, "R14_1", 5343.81, -3433.07, "T", "SMD", "$1N19", "", "R", 22.27, 21.26, 0, 180],
		[141, "R14_2", 5309.73, -3433.07, "T", "SMD", "$1N20", "", "R", 22.27, 21.26, 0, 180],
		[142, "R15_1", 5230.99, -3606.3, "T", "SMD", "RTS", "", "R", 22.27, 21.26, 0, 0],
		[143, "R15_2", 5265.07, -3606.3, "T", "SMD", "$1N130", "", "R", 22.27, 21.26, 0, 0],
		[144, "R16_1", 5473.73, -4078.74, "T", "SMD", "RIG_AFOUT", "", "R", 22.27, 21.26, 0, 180],
		[145, "R16_2", 5439.65, -4078.74, "T", "SMD", "$1N36", "", "R", 22.27, 21.26, 0, 180],
		[146, "R17_1", 5439.65, -4122.05, "T", "SMD", "$1N36", "", "R", 22.27, 21.26, 0, 0],
		[147, "R17_2", 5473.73, -4122.05, "T", "SMD", "POWER_GND", "", "R", 22.27, 21.26, 0, 0],
		[148, "R18_1", 5230.99, -3649.61, "T", "SMD", "$1N47", "", "R", 22.27, 21.26, 0, 0],
		[149, "R18_2", 5265.07, -3649.61, "T", "SMD", "POWER_+5V", "", "R", 22.27, 21.26, 0, 0],
		[150, "R19_1", 5338.58, -3989.48, "T", "SMD", "POWER_GND", "", "R", 22.27, 21.26, 0, 90],
		[151, "R19_2", 5338.58, -3955.4, "T", "SMD", "$1N47", "", "R", 22.27, 21.26, 0, 90],
		[152, "TH1_1", 5722.44, -3532.48, "T", "SMD", "POWER_+3V3", "", "R", 31.5, 37.4, 0, 270],
		[153, "TH1_2", 5722.44, -3597.44, "T", "SMD", "$1N63", "", "R", 31.5, 37.4, 0, 270],
		[154, "TP1_1", 5795.28, -3968.5, "T", "DIP", "POWER_+5V", "", "C", 39.37, 39.37, 27.56, 0],
		[155, "TP1_1", 5795.28, -3968.5, "B", "DIP", "POWER_+5V", "", "C", 39.37, 39.37, 27.56, 0],
		[156, "TP2_1", 5795.28, -3889.76, "T", "DIP", "$1N111", "", "C", 39.37, 39.37, 27.56, 0],
		[157, "TP2_1", 5795.28, -3889.76, "B", "DIP", "$1N111", "", "C", 39.37, 39.37, 27.56, 0],
		[158, "TP3_1", 5795.28, -3653.54, "T", "DIP", "PTT", "", "C", 39.37, 39.37, 27.56, 0],
		[159, "TP3_1", 5795.28, -3653.54, "B", "DIP", "PTT", "", "C", 39.37, 39.37, 27.56, 0],
		[160, "TP4_1", 5795.28, -3732.28, "T", "DIP", "COS", "", "C", 39.37, 39.37, 27.56, 0],
		[161, "TP4_1", 5795.28, -3732.28, "B", "DIP", "COS", "", "C", 39.37, 39.37, 27.56, 0],
		[162, "TP5_1", 5795.28, -3811.02, "T", "DIP", "CTCSS", "", "C", 39.37, 39.37, 27.56, 0],
		[163, "TP5_1", 5795.28, -3811.02, "B", "DIP", "CTCSS", "", "C", 39.37, 39.37, 27.56, 0],
		[164, "TP6_1", 5795.28, -3574.8, "T", "DIP", "POWER_GND", "", "C", 39.37, 39.37, 27.56, 0],
		[165, "TP6_1", 5795.28, -3574.8, "B", "DIP", "POWER_GND", "", "C", 39.37, 39.37, 27.56, 0],
		[166, "U1_1", 5232.7, -3407.48, "T", "SMD", "U1_1", "", "R", 32.48, 9.84, 0, 180],
		[167, "U1_2", 5232.7, -3387.8, "T", "SMD", "POWER_GND", "", "R", 32.48, 9.84, 0, 180],
		[168, "U1_3", 5232.7, -3368.11, "T", "SMD", "D2+", "", "R", 32.48, 9.84, 0, 180],
		[169, "U1_4", 5232.7, -3348.43, "T", "SMD", "D2-", "", "R", 32.48, 9.84, 0, 180],
		[170, "U1_5", 5232.7, -3328.74, "T", "SMD", "POWER_+3V3", "", "R", 32.48, 9.84, 0, 180],
		[171, "U1_6", 5232.7, -3309.06, "T", "SMD", "POWER_+3V3", "", "R", 32.48, 9.84, 0, 180],
		[172, "U1_7", 5205.63, -3281.99, "T", "SMD", "POWER_+5V", "", "R", 9.84, 32.48, 0, 180],
		[173, "U1_8", 5185.94, -3281.99, "T", "SMD", "$1N2", "", "R", 9.84, 32.48, 0, 180],
		[174, "U1_9", 5166.26, -3281.99, "T", "SMD", "RESET", "", "R", 9.84, 32.48, 0, 180],
		[175, "U1_10", 5146.57, -3281.99, "T", "SMD", "U1_10", "", "R", 9.84, 32.48, 0, 180],
		[176, "U1_11", 5126.89, -3281.99, "T", "SMD", "U1_11", "", "R", 9.84, 32.48, 0, 180],
		[177, "U1_12", 5107.2, -3281.99, "T", "SMD", "U1_12", "", "R", 9.84, 32.48, 0, 180],
		[178, "U1_13", 5080.14, -3309.06, "T", "SMD", "RX_LED", "", "R", 32.48, 9.84, 0, 180],
		[179, "U1_14", 5080.14, -3328.74, "T", "SMD", "TX_LED", "", "R", 32.48, 9.84, 0, 180],
		[180, "U1_15", 5080.14, -3348.43, "T", "SMD", "U1_15", "", "R", 32.48, 9.84, 0, 180],
		[181, "U1_16", 5080.14, -3368.11, "T", "SMD", "U1_16", "", "R", 32.48, 9.84, 0, 180],
		[182, "U1_17", 5080.14, -3387.8, "T", "SMD", "U1_17", "", "R", 32.48, 9.84, 0, 180],
		[183, "U1_18", 5080.14, -3407.48, "T", "SMD", "U1_18", "", "R", 32.48, 9.84, 0, 180],
		[184, "U1_19", 5107.2, -3434.55, "T", "SMD", "RTS", "", "R", 9.84, 32.48, 0, 180],
		[185, "U1_20", 5126.89, -3434.55, "T", "SMD", "$1N41", "", "R", 9.84, 32.48, 0, 180],
		[186, "U1_21", 5146.57, -3434.55, "T", "SMD", "$1N49", "", "R", 9.84, 32.48, 0, 180],
		[187, "U1_22", 5166.26, -3434.55, "T", "SMD", "U1_22", "", "R", 9.84, 32.48, 0, 180],
		[188, "U1_23", 5185.94, -3434.55, "T", "SMD", "U1_23", "", "R", 9.84, 32.48, 0, 180],
		[189, "U1_24", 5205.63, -3434.55, "T", "SMD", "U1_24", "", "R", 9.84, 32.48, 0, 180],
		[190, "U1_25", 5156.42, -3358.27, "T", "SMD", "POWER_GND", "", "R", 102.36, 102.36, 0, 180],
		[191, "U2_1", 5618.11, -3474.41, "T", "SMD", "CODEC_P", "", "R", 31.5, 9.84, 0, 90],
		[192, "U2_2", 5637.8, -3474.41, "T", "SMD", "D2-", "", "R", 31.5, 9.84, 0, 90],
		[193, "U2_3", 5657.48, -3474.41, "T", "SMD", "D2+", "", "R", 31.5, 9.84, 0, 90],
		[194, "U2_4", 5677.17, -3474.41, "T", "SMD", "POWER_+3V3", "", "R", 31.5, 9.84, 0, 90],
		[195, "U2_5", 5696.85, -3474.41, "T", "SMD", "U2_5", "", "R", 31.5, 9.84, 0, 90],
		[196, "U2_6", 5716.54, -3474.41, "T", "SMD", "POWER_GND", "", "R", 31.5, 9.84, 0, 90],
		[197, "U2_7", 5736.22, -3474.41, "T", "SMD", "U2_7", "", "R", 31.5, 9.84, 0, 90],
		[198, "U2_8", 5773.62, -3437.01, "T", "SMD", "U2_8", "", "R", 9.84, 31.5, 0, 90],
		[199, "U2_9", 5773.62, -3417.32, "T", "SMD", "U2_9", "", "R", 9.84, 31.5, 0, 90],
		[200, "U2_10", 5773.62, -3397.64, "T", "SMD", "POWER_+3V3", "", "R", 9.84, 31.5, 0, 90],
		[201, "U2_11", 5773.62, -3377.95, "T", "SMD", "U2_11", "", "R", 9.84, 31.5, 0, 90],
		[202, "U2_12", 5773.62, -3358.27, "T", "SMD", "U2_12", "", "R", 9.84, 31.5, 0, 90],
		[203, "U2_13", 5773.62, -3338.58, "T", "SMD", "$1N18", "", "R", 9.84, 31.5, 0, 90],
		[204, "U2_14", 5773.62, -3318.9, "T", "SMD", "POWER_+3V3", "", "R", 9.84, 31.5, 0, 90],
		[205, "U2_15", 5736.22, -3281.5, "T", "SMD", "POWER_GND", "", "R", 31.5, 9.84, 0, 90],
		[206, "U2_16", 5716.54, -3281.5, "T", "SMD", "$1N97", "", "R", 31.5, 9.84, 0, 90],
		[207, "U2_17", 5696.85, -3281.5, "T", "SMD", "RESET", "", "R", 31.5, 9.84, 0, 90],
		[208, "U2_18", 5677.17, -3281.5, "T", "SMD", "POWER_+3V3", "", "R", 31.5, 9.84, 0, 90],
		[209, "U2_19", 5657.48, -3281.5, "T", "SMD", "$1N122", "", "R", 31.5, 9.84, 0, 90],
		[210, "U2_20", 5637.8, -3281.5, "T", "SMD", "POWER_+3V3", "", "R", 31.5, 9.84, 0, 90],
		[211, "U2_21", 5618.11, -3281.5, "T", "SMD", "D0-", "", "R", 31.5, 9.84, 0, 90],
		[212, "U2_22", 5580.71, -3318.9, "T", "SMD", "D0+", "", "R", 9.84, 31.5, 0, 90],
		[213, "U2_23", 5580.71, -3338.58, "T", "SMD", "$1N35", "", "R", 9.84, 31.5, 0, 90],
		[214, "U2_24", 5580.71, -3358.27, "T", "SMD", "$1N55", "", "R", 9.84, 31.5, 0, 90],
		[215, "U2_25", 5580.71, -3377.95, "T", "SMD", "U2_25", "", "R", 9.84, 31.5, 0, 90],
		[216, "U2_26", 5580.71, -3397.64, "T", "SMD", "$1N110", "", "R", 9.84, 31.5, 0, 90],
		[217, "U2_27", 5580.71, -3417.32, "T", "SMD", "POWER_+3V3", "", "R", 9.84, 31.5, 0, 90],
		[218, "U2_28", 5580.71, -3437.01, "T", "SMD", "CODEC_N", "", "R", 9.84, 31.5, 0, 90],
		[219, "U2_29", 5677.17, -3377.95, "T", "SMD", "POWER_GND", "", "R", 131.89, 131.89, 0, 90],
		[220, "U3_1", 5128.44, -3824.8, "T", "SMD", "$1N46", "", "R", 34.45, 11.81, 0, 0],
		[221, "U3_2", 5128.44, -3844.88, "T", "SMD", "$1N87", "", "R", 34.45, 11.81, 0, 0],
		[222, "U3_3", 5128.44, -3864.96, "T", "SMD", "$1N49", "", "R", 34.45, 11.81, 0, 0],
		[223, "U3_4", 5164.96, -3901.48, "T", "SMD", "$1N90", "", "R", 11.81, 34.45, 0, 0],
		[224, "U3_5", 5185.04, -3901.48, "T", "SMD", "POWER_+3V3", "", "R", 11.81, 34.45, 0, 0],
		[225, "U3_6", 5205.12, -3901.48, "T", "SMD", "POWER_GND", "", "R", 11.81, 34.45, 0, 0],
		[226, "U3_7", 5241.63, -3864.96, "T", "SMD", "$1N71", "", "R", 34.45, 11.81, 0, 0],
		[227, "U3_8", 5241.63, -3844.88, "T", "SMD", "$1N17", "", "R", 34.45, 11.81, 0, 0],
		[228, "U3_9", 5241.63, -3824.8, "T", "SMD", "$1N28", "", "R", 34.45, 11.81, 0, 0],
		[229, "U3_10", 5205.12, -3788.29, "T", "SMD", "$1N116", "", "R", 11.81, 34.45, 0, 0],
		[230, "U3_11", 5185.04, -3788.29, "T", "SMD", "$1N10", "", "R", 11.81, 34.45, 0, 0],
		[231, "U3_12", 5164.96, -3788.29, "T", "SMD", "$1N52", "", "R", 11.81, 34.45, 0, 0],
		[232, "U3_13", 5185.04, -3844.88, "T", "SMD", "POWER_GND", "", "R", 57.09, 57.09, 0, 0],
		[233, "U4_1", 5631.89, -3619.59, "T", "SMD", "U4_1", "", "R", 58.07, 11.81, 0, 270],
		[234, "U4_2", 5612.2, -3619.59, "T", "SMD", "U4_2", "", "R", 58.07, 11.81, 0, 270],
		[235, "U4_3", 5592.52, -3619.59, "T", "SMD", "U4_3", "", "R", 58.07, 11.81, 0, 270],
		[236, "U4_4", 5572.83, -3619.59, "T", "SMD", "U4_4", "", "R", 58.07, 11.81, 0, 270],
		[237, "U4_5", 5553.15, -3619.59, "T", "SMD", "U4_5", "", "R", 58.07, 11.81, 0, 270],
		[238, "U4_6", 5533.46, -3619.59, "T", "SMD", "U4_6", "", "R", 58.07, 11.81, 0, 270],
		[239, "U4_7", 5513.78, -3619.59, "T", "SMD", "$1N73", "", "R", 58.07, 11.81, 0, 270],
		[240, "U4_8", 5494.09, -3619.59, "T", "SMD", "$1N19", "", "R", 58.07, 11.81, 0, 270],
		[241, "U4_9", 5474.41, -3619.59, "T", "SMD", "$1N20", "", "R", 58.07, 11.81, 0, 270],
		[242, "U4_10", 5454.72, -3619.59, "T", "SMD", "POWER_GND", "", "R", 58.07, 11.81, 0, 270],
		[243, "U4_11", 5435.04, -3619.59, "T", "SMD", "U4_11", "", "R", 58.07, 11.81, 0, 270],
		[244, "U4_12", 5415.35, -3619.59, "T", "SMD", "U4_12", "", "R", 58.07, 11.81, 0, 270],
		[245, "U4_13", 5359.74, -3675.2, "T", "SMD", "PTT", "", "R", 11.81, 58.07, 0, 270],
		[246, "U4_14", 5359.74, -3694.88, "T", "SMD", "POWER_GND", "", "R", 11.81, 58.07, 0, 270],
		[247, "U4_15", 5359.74, -3714.57, "T", "SMD", "U4_15", "", "R", 11.81, 58.07, 0, 270],
		[248, "U4_16", 5359.74, -3734.25, "T", "SMD", "POWER_GND", "", "R", 11.81, 58.07, 0, 270],
		[249, "U4_17", 5359.74, -3753.94, "T", "SMD", "U4_17", "", "R", 11.81, 58.07, 0, 270],
		[250, "U4_18", 5359.74, -3773.62, "T", "SMD", "U4_18", "", "R", 11.81, 58.07, 0, 270],
		[251, "U4_19", 5359.74, -3793.31, "T", "SMD", "U4_19", "", "R", 11.81, 58.07, 0, 270],
		[252, "U4_20", 5359.74, -3812.99, "T", "SMD", "U4_20", "", "R", 11.81, 58.07, 0, 270],
		[253, "U4_21", 5359.74, -3832.68, "T", "SMD", "U4_21", "", "R", 11.81, 58.07, 0, 270],
		[254, "U4_22", 5359.74, -3852.36, "T", "SMD", "POWER_GND", "", "R", 11.81, 58.07, 0, 270],
		[255, "U4_23", 5359.74, -3872.05, "T", "SMD", "POWER_GND", "", "R", 11.81, 58.07, 0, 270],
		[256, "U4_24", 5359.74, -3891.73, "T", "SMD", "POWER_GND", "", "R", 11.81, 58.07, 0, 270],
		[257, "U4_25", 5415.35, -3947.34, "T", "SMD", "U4_25", "", "R", 58.07, 11.81, 0, 270],
		[258, "U4_26", 5435.04, -3947.34, "T", "SMD", "$1N15", "", "R", 58.07, 11.81, 0, 270],
		[259, "U4_27", 5454.72, -3947.34, "T", "SMD", "$1N53", "", "R", 58.07, 11.81, 0, 270],
		[260, "U4_28", 5474.41, -3947.34, "T", "SMD", "POWER_GND", "", "R", 58.07, 11.81, 0, 270],
		[261, "U4_29", 5494.09, -3947.34, "T", "SMD", "POWER_+5V", "", "R", 58.07, 11.81, 0, 270],
		[262, "U4_30", 5513.78, -3947.34, "T", "SMD", "$1N61", "", "R", 58.07, 11.81, 0, 270],
		[263, "U4_31", 5533.46, -3947.34, "T", "SMD", "U4_31", "", "R", 58.07, 11.81, 0, 270],
		[264, "U4_32", 5553.15, -3947.34, "T", "SMD", "$1N111", "", "R", 58.07, 11.81, 0, 270],
		[265, "U4_33", 5572.83, -3947.34, "T", "SMD", "POWER_GND", "", "R", 58.07, 11.81, 0, 270],
		[266, "U4_34", 5592.52, -3947.34, "T", "SMD", "POWER_+5V", "", "R", 58.07, 11.81, 0, 270],
		[267, "U4_35", 5612.2, -3947.34, "T", "SMD", "POWER_+5V", "", "R", 58.07, 11.81, 0, 270],
		[268, "U4_36", 5631.89, -3947.34, "T", "SMD", "POWER_GND", "", "R", 58.07, 11.81, 0, 270],
		[269, "U4_37", 5687.5, -3891.73, "T", "SMD", "$1N73", "", "R", 11.81, 58.07, 0, 270],
		[270, "U4_38", 5687.5, -3872.05, "T", "SMD", "$1N73", "", "R", 11.81, 58.07, 0, 270],
		[271, "U4_39", 5687.5, -3852.36, "T", "SMD", "CTCSS", "", "R", 11.81, 58.07, 0, 270],
		[272, "U4_40", 5687.5, -3832.68, "T", "SMD", "U4_40", "", "R", 11.81, 58.07, 0, 270],
		[273, "U4_41", 5687.5, -3812.99, "T", "SMD", "CODEC_P", "", "R", 11.81, 58.07, 0, 270],
		[274, "U4_42", 5687.5, -3793.31, "T", "SMD", "CODEC_N", "", "R", 11.81, 58.07, 0, 270],
		[275, "U4_43", 5687.5, -3773.62, "T", "SMD", "U4_43", "", "R", 11.81, 58.07, 0, 270],
		[276, "U4_44", 5687.5, -3753.94, "T", "SMD", "U4_44", "", "R", 11.81, 58.07, 0, 270],
		[277, "U4_45", 5687.5, -3734.25, "T", "SMD", "U4_45", "", "R", 11.81, 58.07, 0, 270],
		[278, "U4_46", 5687.5, -3714.57, "T", "SMD", "U4_46", "", "R", 11.81, 58.07, 0, 270],
		[279, "U4_47", 5687.5, -3694.88, "T", "SMD", "U4_47", "", "R", 11.81, 58.07, 0, 270],
		[280, "U4_48", 5687.5, -3675.2, "T", "SMD", "COS", "", "R", 11.81, 58.07, 0, 270],
		[281, "Y2_1", 5413.38, -3494.09, "T", "SMD", "$1N20", "", "R", 55.12, 47.24, 0, 0],
		[282, "Y2_2", 5500, -3494.09, "T", "SMD", "POWER_GND", "", "R", 55.12, 47.24, 0, 0],
		[283, "Y2_3", 5500, -3427.16, "T", "SMD", "$1N19", "", "R", 55.12, 47.24, 0, 0],
		[284, "Y2_4", 5413.38, -3427.16, "T", "SMD", "POWER_GND", "", "R", 55.12, 47.24, 0, 0],
		[285, "Y3_1", 5411.69, -3353.47, "T", "SMD", "$1N55", "", "R", 55.12, 47.24, 0, 0],
		[286, "Y3_2", 5498.31, -3353.47, "T", "SMD", "POWER_GND", "", "R", 55.12, 47.24, 0, 0],
		[287, "Y3_3", 5498.31, -3286.53, "T", "SMD", "$1N35", "", "R", 55.12, 47.24, 0, 0],
		[288, "Y3_4", 5411.69, -3286.53, "T", "SMD", "POWER_GND", "", "R", 55.12, 47.24, 0, 0]
	]
}
}